<?xml version='1.0' encoding='utf-8'?>
<widget id="com.regionalhospital.homecarelink" version="1.0.0" xmlns="http://www.w3.org/ns/widgets" xmlns:cdv="http://cordova.apache.org/ns/1.0">
    <name>Home Care Link</name>
    <description>Regional Hospital Home Health Management System</description>
    <author email="admin@regionalhospital.com" href="https://regionalhospital.com">Regional Hospital IT Department</author>
    <content src="index.html" />
    <access origin="*" />
    <allow-intent href="http://*/*" />
    <allow-intent href="https://*/*" />
    <allow-intent href="tel:*" />
    <allow-intent href="sms:*" />
    <allow-intent href="mailto:*" />
    <allow-intent href="geo:*" />
    <platform name="android">
        <allow-intent href="market:*" />
        <icon density="ldpi" src="res/icon/android/ldpi.png" />
        <icon density="mdpi" src="res/icon/android/mdpi.png" />
        <icon density="hdpi" src="res/icon/android/hdpi.png" />
        <icon density="xhdpi" src="res/icon/android/xhdpi.png" />
        <icon density="xxhdpi" src="res/icon/android/xxhdpi.png" />
        <icon density="xxxhdpi" src="res/icon/android/xxxhdpi.png" />
        <splash density="land-ldpi" src="res/screen/android/splash-land-ldpi.png" />
        <splash density="land-mdpi" src="res/screen/android/splash-land-mdpi.png" />
        <splash density="land-hdpi" src="res/screen/android/splash-land-hdpi.png" />
        <splash density="land-xhdpi" src="res/screen/android/splash-land-xhdpi.png" />
        <splash density="land-xxhdpi" src="res/screen/android/splash-land-xxhdpi.png" />
        <splash density="land-xxxhdpi" src="res/screen/android/splash-land-xxxhdpi.png" />
        <splash density="port-ldpi" src="res/screen/android/splash-port-ldpi.png" />
        <splash density="port-mdpi" src="res/screen/android/splash-port-mdpi.png" />
        <splash density="port-hdpi" src="res/screen/android/splash-port-hdpi.png" />
        <splash density="port-xhdpi" src="res/screen/android/splash-port-xhdpi.png" />
        <splash density="port-xxhdpi" src="res/screen/android/splash-port-xxhdpi.png" />
        <splash density="port-xxxhdpi" src="res/screen/android/splash-port-xxxhdpi.png" />
    </platform>
    <preference name="DisallowOverscroll" value="true" />
    <preference name="android-minSdkVersion" value="19" />
    <preference name="BackupWebStorage" value="none" />
    <preference name="SplashMaintainAspectRatio" value="true" />
    <preference name="FadeSplashScreenDuration" value="300" />
    <preference name="SplashShowOnlyFirstTime" value="false" />
    <preference name="SplashScreen" value="screen" />
    <preference name="SplashScreenDelay" value="3000" />
</widget>